BFY,FundCode,FundName,OrgCode,OrgName,AccountCode,ProgramProjectCode,ProgramProjectName,BocCode,BocName,Authority,OpenCommitments,Obligations,Used,Available,ULO,ProgramArea
2020,E1,CATEGORICAL GRANTS,06,REGION 6,000B03,03,CATEGORICAL GRANT:  PUBLIC WATER SYSTEM SUPERVISION (PWSS),41,GRANTS,11989000,0,11989000,11989000,0,3960695.28,CATEGORICAL GRANTS
2020,E1,CATEGORICAL GRANTS,06,REGION 6,000A04 AT,04,CATEGORICAL GRANT:  STATE AND LOCAL AIR QUALITY MANAGEMENT,41,GRANTS,57849,0,57849,57849,0,57849,CATEGORICAL GRANTS
2020,E1,CATEGORICAL GRANTS,06,REGION 6,000A04 PM,04,CATEGORICAL GRANT:  STATE AND LOCAL AIR QUALITY MANAGEMENT,41,GRANTS,3236628,0,3236628,3236628,0,2954653.67,CATEGORICAL GRANTS
2020,E1,CATEGORICAL GRANTS,06,REGION 6,000A05,05,CATEGORICAL GRANT:  RADON,41,GRANTS,390000,0,390000,390000,0,390000,CATEGORICAL GRANTS
2020,E1,CATEGORICAL GRANTS,06,REGION 6,000B06 P1,06,CATEGORICAL GRANT:  POLLUTION CONTROL (SEC. 106),41,GRANTS,1442675,0,1442675,1442675,0,1442675,CATEGORICAL GRANTS
2020,E1,CATEGORICAL GRANTS,06,REGION 6,000B07,07,CATEGORICAL GRANT:  WETLANDS PROGRAM DEVELOPMENT,41,GRANTS,1049663,0,1049663,1049663,0,1049663,CATEGORICAL GRANTS
2020,E1,CATEGORICAL GRANTS,06,REGION 6,000C09,09,CATEGORICAL GRANT:  PESTICIDES PROGRAM IMPLEMENTATION,41,GRANTS,1206520,0,1206520,1206520,0,1062725.77,CATEGORICAL GRANTS
2020,E1,CATEGORICAL GRANTS,06,REGION 6,000C10,10,CATEGORICAL GRANT:  LEAD,41,GRANTS,1089000,0,1089000,1089000,0,873564.23,CATEGORICAL GRANTS
2020,E1,CATEGORICAL GRANTS,06,REGION 6,000E12,12,CATEGORICAL GRANT:  PESTICIDES ENFORCEMENT,41,GRANTS,2786000,0,2786000,2786000,0,2378343.03,CATEGORICAL GRANTS
2020,E1,CATEGORICAL GRANTS,06,REGION 6,000C13,13,CATEGORICAL GRANT:  POLLUTION PREVENTION,41,GRANTS,446000,0,446000,446000,0,446000,CATEGORICAL GRANTS
2020,E1,CATEGORICAL GRANTS,06,REGION 6,000L15,15,CATEGORICAL GRANT:  TRIBAL GENERAL ASSISTANCE PROGRAM,41,GRANTS,7391000,0,7391000,7391000,0,7354911.46,CATEGORICAL GRANTS
2020,E1,CATEGORICAL GRANTS,06,REGION 6,000A17,17,CATEGORICAL GRANT:  TRIBAL AIR QUALITY MANAGEMENT,41,GRANTS,1156690,0,1156690,1156690,0,1143399.3,CATEGORICAL GRANTS
2020,E1,CATEGORICAL GRANTS,06,REGION 6,000B23,23,CATEGORICAL GRANT:  BEACHES PROTECTION,41,GRANTS,657000,0,657000,657000,0,657000,CATEGORICAL GRANTS
2020,E1,CATEGORICAL GRANTS,06,REGION 6,000D24,24,CATEGORICAL GRANT:  BROWNFIELDS,41,GRANTS,3051746,0,3051746,3051746,0,2918717.21,CATEGORICAL GRANTS
2020,F,LUST,06,REGION 6,000E44,44,CIVIL ENFORCEMENT,36,EXPENSES,304.19,0,304.19,304.19,0,0,ENFORCEMENT
2020,F,LUST,06,REGION 6,000E44,44,CIVIL ENFORCEMENT,41,GRANTS,2481,0,2481,2481,0,2481,ENFORCEMENT
2020,TR2,SF NON-FED,06,REGION 6,000EC7,C7,SUPERFUND:  ENFORCEMENT,10,PAYROLL,48611.38,0,48611.38,48611.38,0,0,ENFORCEMENT
2020,T,SUPERFUND,06,REGION 6,000EC7,C7,SUPERFUND:  ENFORCEMENT,21,TRAVEL,19396.58,0,19396.58,19396.58,0,0,ENFORCEMENT
2020,TR2,SF NON-FED,06,REGION 6,000EC7,C7,SUPERFUND:  ENFORCEMENT,28,SITE TRAVEL,2537.46,0,2537.46,2537.46,0,0,ENFORCEMENT
2020,TR2B,SF PAST COST,06,REGION 6,000EC7,C7,SUPERFUND:  ENFORCEMENT,28,SITE TRAVEL,1849.21,0,1849.21,1849.21,0,0,ENFORCEMENT
2020,T,SUPERFUND,06,REGION 6,000FC7,C7,SUPERFUND:  ENFORCEMENT,37,CONTRACTS,1000,0,1000,1000,0,1000,ENFORCEMENT
2020,TR2,SF NON-FED,06,REGION 6,000JC7,C7,SUPERFUND:  ENFORCEMENT,10,PAYROLL,4391.91,0,4391.91,4391.91,0,0,ENFORCEMENT
2020,TR2A,SF FED,06,REGION 6,000JC7,C7,SUPERFUND:  ENFORCEMENT,10,PAYROLL,554.93,0,554.93,554.93,0,0,ENFORCEMENT
2020,T,SUPERFUND,06,REGION 6,000JC7,C7,SUPERFUND:  ENFORCEMENT,21,TRAVEL,496.47,0,496.47,496.47,0,0,ENFORCEMENT
2020,T,SUPERFUND,06,REGION 6,000JC7,C7,SUPERFUND:  ENFORCEMENT,37,CONTRACTS,1800,0,1800,1800,0,0,ENFORCEMENT
2020,T,SUPERFUND,06,REGION 6,000EH2,H2,SUPERFUND: FEDERAL FACILITIES ENFORCEMENT,21,TRAVEL,2581.6,0,2581.6,2581.6,0,0,ENFORCEMENT
2020,T,SUPERFUND,06,REGION 6,000D72,72,"HOMELAND SECURITY:  PREPAREDNESS, RESPONSE, AND RECOVERY",21,TRAVEL,12148.83,0,12148.83,12148.83,0,0,HOMELAND SECURITY
2020,T,SUPERFUND,06,REGION 6,000YF8,F8,IT / DATA MANAGEMENT,38,WCF,148000,0,148000,148000,0,8580.88,IT / DATA MANAGEMENT / SECURITY
2020,F,LUST,06,REGION 6,000D86,86,LUST / UST,21,TRAVEL,11808.22,0,11808.22,11808.22,0,0,UNDERGROUND STORAGE TANKS (LUST / UST)
2020,F,LUST,06,REGION 6,000F86,86,LUST / UST,38,WCF,2000,0,2000,2000,0,1584.65,UNDERGROUND STORAGE TANKS (LUST / UST)
2020,F,LUST,06,REGION 6,000D87,87,LUST COOPERATIVE AGREEMENTS,41,GRANTS,5286536,0,5286536,5286536,0,4915573.43,UNDERGROUND STORAGE TANKS (LUST / UST)
2020,F,LUST,06,REGION 6,000DJ6,J6,LUST PREVENTION,41,GRANTS,3459410,0,3459410,3459410,0,3140857.9,UNDERGROUND STORAGE TANKS (LUST / UST)
2020,T,SUPERFUND,06,REGION 6,000YF2,F2,FACILITIES INFRASTRUCTURE AND OPERATIONS,21,TRAVEL,9650.77,0,9650.77,9650.77,0,0,OPERATIONS AND ADMINISTRATION
2020,F,LUST,06,REGION 6,000YF2,F2,FACILITIES INFRASTRUCTURE AND OPERATIONS,38,WCF,10750,0,10750,10750,0,703.32,OPERATIONS AND ADMINISTRATION
2020,H,OIL SPILL,06,REGION 6,000D91,91,"OIL SPILL: PREVENTION, PREPAREDNESS AND RESPONSE",21,TRAVEL,8309.82,0,8309.82,8309.82,0,0,OIL
2020,T,SUPERFUND,06,REGION 6,000DC6,C6,SUPERFUND:  EMERGENCY RESPONSE AND REMOVAL,21,TRAVEL,9398.91,0,9398.91,9398.91,0,0,SUPERFUND CLEANUP
2020,TR2,SF NON-FED,06,REGION 6,000DC6,C6,SUPERFUND:  EMERGENCY RESPONSE AND REMOVAL,28,SITE TRAVEL,15258.57,0,15258.57,15258.57,0,0,SUPERFUND CLEANUP
2020,TR2B,SF PAST COST,06,REGION 6,000DC6,C6,SUPERFUND:  EMERGENCY RESPONSE AND REMOVAL,28,SITE TRAVEL,1135.88,0,1135.88,1135.88,0,0,SUPERFUND CLEANUP
2020,TR2,SF NON-FED,06,REGION 6,000DC6,C6,SUPERFUND:  EMERGENCY RESPONSE AND REMOVAL,37,CONTRACTS,4451920.33,0,4451920.33,4451920.33,0,3568181.64,SUPERFUND CLEANUP
2020,TR2A,SF FED,06,REGION 6,000DC6,C6,SUPERFUND:  EMERGENCY RESPONSE AND REMOVAL,37,CONTRACTS,21373.54,0,21373.54,21373.54,0,0,SUPERFUND CLEANUP
2020,TR2B,SF PAST COST,06,REGION 6,000DC6,C6,SUPERFUND:  EMERGENCY RESPONSE AND REMOVAL,37,CONTRACTS,312423.94,0,312423.94,312423.94,0,300756,SUPERFUND CLEANUP
2020,T,SUPERFUND,06,REGION 6,000DC8,C8,SUPERFUND:  EPA EMERGENCY PREPAREDNESS,21,TRAVEL,6907,0,6907,6907,0,0,SUPERFUND CLEANUP
2020,T,SUPERFUND,06,REGION 6,000DC9,C9,SUPERFUND:  FEDERAL FACILITIES,21,TRAVEL,7147.65,0,7147.65,7147.65,0,0,SUPERFUND CLEANUP
2020,T,SUPERFUND,06,REGION 6,000FC9,C9,SUPERFUND:  FEDERAL FACILITIES,36,EXPENSES,1800,0,1800,1800,0,0,SUPERFUND CLEANUP
2020,T,SUPERFUND,06,REGION 6,000FC9,C9,SUPERFUND:  FEDERAL FACILITIES,37,CONTRACTS,5200,0,5200,5200,0,4200,SUPERFUND CLEANUP
2020,T,SUPERFUND,06,REGION 6,000DD2,D2,SUPERFUND:  REMEDIAL,21,TRAVEL,17985.15,0,17985.15,17985.15,0,0,SUPERFUND CLEANUP
2020,TR2,SF NON-FED,06,REGION 6,000DD2,D2,SUPERFUND:  REMEDIAL,28,SITE TRAVEL,45417.11,0,45417.11,45417.11,0,0,SUPERFUND CLEANUP
2020,TR2A,SF FED,06,REGION 6,000DD2,D2,SUPERFUND:  REMEDIAL,28,SITE TRAVEL,3535.51,0,3535.51,3535.51,0,0,SUPERFUND CLEANUP
2020,TR2B,SF PAST COST,06,REGION 6,000DD2,D2,SUPERFUND:  REMEDIAL,28,SITE TRAVEL,31185.94,0,31185.94,31185.94,0,0,SUPERFUND CLEANUP
2020,TR2B,SF PAST COST,06,REGION 6,000DD2,D2,SUPERFUND:  REMEDIAL,36,EXPENSES,1400,0,1400,1400,0,0,SUPERFUND CLEANUP
2020,TR1,SF SSC,06,REGION 6,000DD2,D2,SUPERFUND:  REMEDIAL,37,CONTRACTS,3775739.2,0,3775739.2,3775739.2,0,1066135.2,SUPERFUND CLEANUP
2020,TR2,SF NON-FED,06,REGION 6,000DD2,D2,SUPERFUND:  REMEDIAL,37,CONTRACTS,4021331.63,0,4021331.63,4021331.63,0,1578822.82,SUPERFUND CLEANUP
2020,TR2A,SF FED,06,REGION 6,000DD2,D2,SUPERFUND:  REMEDIAL,37,CONTRACTS,45125.77,0,45125.77,45125.77,0,0,SUPERFUND CLEANUP
2020,TR2B,SF PAST COST,06,REGION 6,000DD2,D2,SUPERFUND:  REMEDIAL,37,CONTRACTS,1586249.72,0,1586249.72,1586249.72,0,1092809,SUPERFUND CLEANUP
2020,TR2,SF NON-FED,06,REGION 6,000DD2,D2,SUPERFUND:  REMEDIAL,41,GRANTS,3661048.74,0,3661048.74,3661048.74,0,3573135.31,SUPERFUND CLEANUP
2020,TR2A,SF FED,06,REGION 6,000DD2,D2,SUPERFUND:  REMEDIAL,41,GRANTS,76114,0,76114,76114,0,76114,SUPERFUND CLEANUP
2020,TR2B,SF PAST COST,06,REGION 6,000DD2,D2,SUPERFUND:  REMEDIAL,41,GRANTS,1045350.18,0,1045350.18,1045350.18,0,891075.23,SUPERFUND CLEANUP
2020,E2,CLEAN WATER (SRF),06,REGION 6,000B80,80,INFRASTRUCTURE ASSISTANCE:  CLEAN WATER SRF,37,CONTRACTS,2062000,0,2062000,2062000,0,2062000,STATE AND TRIBAL ASSISTANCE GRANTS (STAG)
2020,E2,CLEAN WATER (SRF),06,REGION 6,000B80,80,INFRASTRUCTURE ASSISTANCE:  CLEAN WATER SRF,41,GRANTS,122360000,0,122360000,122360000,0,117506620.6,STATE AND TRIBAL ASSISTANCE GRANTS (STAG)
2020,E3,DRINKING WATER (SRF),06,REGION 6,000B81,81,INFRASTRUCTURE ASSISTANCE:  DRINKING WATER SRF,41,GRANTS,145947000,0,145947000,145947000,0,144019352.5,STATE AND TRIBAL ASSISTANCE GRANTS (STAG)
2020,E4,SPECIAL PROJECTS,06,REGION 6,000B82,82,INFRASTRUCTURE ASSISTANCE:  MEXICO BORDER,41,GRANTS,15000000,0,15000000,15000000,0,15000000,STATE AND TRIBAL ASSISTANCE GRANTS (STAG)
2020,ZL,DWH,06,REGION 6,000BD4,D4,SURFACE WATER PROTECTION,21,TRAVEL,8789.23,0,8789.23,8789.23,0,0,WATER QUALITY PROTECTION
2020,ZL,DWH,06,REGION 6,000BD4,D4,SURFACE WATER PROTECTION,37,CONTRACTS,13638.71,0,13638.71,13638.71,0,0,WATER QUALITY PROTECTION
2020,E4,SPECIAL PROJECTS,06,REGION 6,000D79,79,BROWNFIELDS PROJECTS,41,GRANTS,5860000,0,5860000,5860000,0,5860000,STATE AND TRIBAL ASSISTANCE GRANTS (STAG)
2020,E4,SPECIAL PROJECTS,06,REGION 6,000D79,79,BROWNFIELDS PROJECTS,37,CONTRACTS,185000,0,185000,185000,0,185000,STATE AND TRIBAL ASSISTANCE GRANTS (STAG)
2020,E4,SPECIAL PROJECTS,06,REGION 6,000D79,79,BROWNFIELDS PROJECTS,41,GRANTS,266000,0,266000,266000,0,266000,STATE AND TRIBAL ASSISTANCE GRANTS (STAG)
2020,T,SUPERFUND,06,REGION 6,000DC9,C9,SUPERFUND:  FEDERAL FACILITIES,37,CONTRACTS,110250,0,110250,110250,0,110250,SUPERFUND CLEANUP
2020,T,SUPERFUND,06,REGION 6,000DD2,D2,SUPERFUND:  REMEDIAL,37,CONTRACTS,5030469.74,0,5030469.74,5030469.74,0,3304466.96,SUPERFUND CLEANUP
2020,T,SUPERFUND,06,REGION 6,000DD2,D2,SUPERFUND:  REMEDIAL,41,GRANTS,3373230.26,0,3373230.26,3373230.26,0,2589027.52,SUPERFUND CLEANUP
2020,T,SUPERFUND,06,REGION 6,000FD2,D2,SUPERFUND:  REMEDIAL,37,CONTRACTS,502000,0,502000,502000,0,402634.21,SUPERFUND CLEANUP
2020,T,SUPERFUND,06,REGION 6,000DD2,D2,SUPERFUND:  REMEDIAL,41,GRANTS,12176898,0,12176898,12176898,0,12149641.7,SUPERFUND CLEANUP
2020,B,EPM,06,REGION 6,000D43,43,BROWNFIELDS,21,TRAVEL,11068.26,0,11068.26,11068.26,0,0,BROWNFIELDS
2020,B,EPM,06,REGION 6,000D43,43,BROWNFIELDS,41,GRANTS,50000,0,50000,50000,0,50000,BROWNFIELDS
2020,B,EPM,06,REGION 6,000E43,43,BROWNFIELDS,21,TRAVEL,1000,0,1000,1000,0,1000,BROWNFIELDS
2020,B,EPM,06,REGION 6,000F43,43,BROWNFIELDS,37,CONTRACTS,2000,0,2000,2000,0,2000,BROWNFIELDS
2020,B,EPM,06,REGION 6,000F45,45,CLEAN AIR ALLOWANCE TRADING PROGRAMS,21,TRAVEL,538.87,0,538.87,538.87,0,0,CLEAN AIR AND CLIMATE
2020,B,EPM,06,REGION 6,000A46,46,CLIMATE PROTECTION PROGRAM,21,TRAVEL,21985.79,0,21985.79,21985.79,0,18204,CLEAN AIR AND CLIMATE
2020,B,EPM,06,REGION 6,000A46,46,CLIMATE PROTECTION PROGRAM,41,GRANTS,17500,0,17500,17500,0,17500,CLEAN AIR AND CLIMATE
2020,B,EPM,06,REGION 6,000A59,59,FEDERAL SUPPORT FOR AIR QUALITY MANAGEMENT,21,TRAVEL,44986.01,0,44986.01,44986.01,0,0,CLEAN AIR AND CLIMATE
2020,B,EPM,06,REGION 6,000F59,59,FEDERAL SUPPORT FOR AIR QUALITY MANAGEMENT,21,TRAVEL,10925.56,0,10925.56,10925.56,0,0,CLEAN AIR AND CLIMATE
2020,B,EPM,06,REGION 6,000E50,50,COMPLIANCE MONITORING,21,TRAVEL,59989.04,0,59989.04,59989.04,0,0,COMPLIANCE
2020,B,EPM,06,REGION 6,000E50,50,COMPLIANCE MONITORING,41,GRANTS,47000,0,47000,47000,0,47000,COMPLIANCE
2020,B,EPM,06,REGION 6,000F50,50,COMPLIANCE MONITORING,38,WCF,15000,0,15000,15000,0,0,COMPLIANCE
2020,B,EPM,06,REGION 6,000E44,44,CIVIL ENFORCEMENT,21,TRAVEL,77375.28,0,77375.28,77375.28,0,0,ENFORCEMENT
2020,B,EPM,06,REGION 6,000F44,44,CIVIL ENFORCEMENT,38,WCF,7000,0,7000,7000,0,668.89,ENFORCEMENT
2020,B,EPM,06,REGION 6,000M57,57,ENVIRONMENTAL JUSTICE,38,WCF,2000,0,2000,2000,0,0,ENFORCEMENT
2020,B,EPM,06,REGION 6,000M57,57,ENVIRONMENTAL JUSTICE,41,GRANTS,640000,0,640000,640000,0,640000,ENFORCEMENT
2020,B,EPM,06,REGION 6,000M90,90,NEPA IMPLEMENTATION,21,TRAVEL,2513.24,0,2513.24,2513.24,0,0,ENFORCEMENT
2020,B,EPM,06,REGION 6,000DC3,C3,STATE AND LOCAL PREVENTION AND PREPAREDNESS,21,TRAVEL,5744,0,5744,5744,0,5744,INFORMATION EXCHANGE / OUTREACH
2020,B,EPM,06,REGION 6,000DC3,C3,STATE AND LOCAL PREVENTION AND PREPAREDNESS,37,CONTRACTS,99729.86,0,99729.86,99729.86,0,99729.86,INFORMATION EXCHANGE / OUTREACH
2020,B,EPM,06,REGION 6,000CD8,D8,TRI / RIGHT TO KNOW,21,TRAVEL,1100,0,1100,1100,0,1100,INFORMATION EXCHANGE / OUTREACH
2020,B,EPM,06,REGION 6,000LD9,D9,TRIBAL - CAPACITY BUILDING,21,TRAVEL,3572.26,0,3572.26,3572.26,0,0,INFORMATION EXCHANGE / OUTREACH
2020,B,EPM,06,REGION 6,000ME8,E8,"CONGRESSIONAL, INTERGOVERNMENTAL, EXTERNAL RELATIONS",21,TRAVEL,21262.87,0,21262.87,21262.87,0,0,INFORMATION EXCHANGE / OUTREACH
2020,B,EPM,06,REGION 6,000ME9,E9,ENVIRONMENTAL EDUCATION,41,GRANTS,290408,0,290408,290408,0,289823.08,INFORMATION EXCHANGE / OUTREACH
2020,B,EPM,06,REGION 6,000MH3,H3,CHILDREN & OTHER SENSITIVE POPULATIONS: AGENCY COORDINATION,41,GRANTS,43000,0,43000,43000,0,43000,INFORMATION EXCHANGE / OUTREACH
2020,B,EPM,06,REGION 6,000LE1,E1,US MEXICO BORDER,21,TRAVEL,4681.07,0,4681.07,4681.07,0,0,INTERNATIONAL PROGRAMS
2020,B,EPM,06,REGION 6,000LE1,E1,US MEXICO BORDER,41,GRANTS,294000,0,294000,294000,0,294000,INTERNATIONAL PROGRAMS
2020,B,EPM,06,REGION 6,000YF8,F8,IT / DATA MANAGEMENT,21,TRAVEL,1847.1,0,1847.1,1847.1,0,0,IT / DATA MANAGEMENT / SECURITY
2020,B,EPM,06,REGION 6,000YF8,F8,IT / DATA MANAGEMENT,41,GRANTS,71000,0,71000,71000,0,64275.69,IT / DATA MANAGEMENT / SECURITY
2020,B,EPM,06,REGION 6,000NG1,G1,LEGAL ADVICE: SUPPORT PROGRAM,21,TRAVEL,1645.11,0,1645.11,1645.11,0,0,LEGAL / SCIENCE / REGULATORY / ECONOMIC REVIEW
2020,B,EPM,06,REGION 6,000D86,86,LUST / UST,21,TRAVEL,1000,0,1000,1000,0,1000,UNDERGROUND STORAGE TANKS (LUST / UST)
2020,B,EPM,06,REGION 6,000D86,86,LUST / UST,38,WCF,3000,0,3000,3000,0,0,UNDERGROUND STORAGE TANKS (LUST / UST)
2020,B,EPM,06,REGION 6,000YF2,F2,FACILITIES INFRASTRUCTURE AND OPERATIONS,21,TRAVEL,21238.32,0,21238.32,21238.32,0,0,OPERATIONS AND ADMINISTRATION
2020,B,EPM,06,REGION 6,000YF5,F5,HUMAN RESOURCES MANAGEMENT,38,WCF,3000,0,3000,3000,0,0,OPERATIONS AND ADMINISTRATION
2020,B,EPM,06,REGION 6,000CJ1,J1,PESTICIDES: PROTECT HUMAN HEALTH FROM PESTICIDE RISK,21,TRAVEL,1435.23,0,1435.23,1435.23,0,0,PESTICIDES LICENSING
2020,B,EPM,06,REGION 6,000CJ2,J2,PESTICIDES: PROTECT THE ENVIRONMENT FROM PESTICIDE RISK,36,EXPENSES,700,0,700,700,0,0,PESTICIDES LICENSING
2020,B,EPM,06,REGION 6,000CJ3,J3,PESTICIDES: REALIZE THE VALUE OF PESTICIDE AVAILABILITY,21,TRAVEL,6943.77,0,6943.77,6943.77,0,1733.58,PESTICIDES LICENSING
2020,B,EPM,06,REGION 6,000CJ3,J3,PESTICIDES: REALIZE THE VALUE OF PESTICIDE AVAILABILITY,41,GRANTS,64844,0,64844,64844,0,64844,PESTICIDES LICENSING
2020,B,EPM,06,REGION 6,000D99,99,RCRA:  CORRECTIVE ACTION,21,TRAVEL,8058.35,0,8058.35,8058.35,0,0,RESOURCE CONSERVATION AND RECOVERY ACT (RCRA)
2020,B,EPM,06,REGION 6,000D99,99,RCRA:  CORRECTIVE ACTION,41,GRANTS,66000,0,66000,66000,0,66000,RESOURCE CONSERVATION AND RECOVERY ACT (RCRA)
2020,B,EPM,06,REGION 6,000DA1,A1,RCRA:  WASTE MANAGEMENT,21,TRAVEL,20016.15,0,20016.15,20016.15,0,0,RESOURCE CONSERVATION AND RECOVERY ACT (RCRA)
2020,B,EPM,06,REGION 6,000DA1,A1,RCRA:  WASTE MANAGEMENT,37,CONTRACTS,176000,0,176000,176000,0,174035,RESOURCE CONSERVATION AND RECOVERY ACT (RCRA)
2020,B,EPM,06,REGION 6,000DA2,A2,RCRA:  WASTE MINIMIZATION & RECYCLING,21,TRAVEL,1976.4,0,1976.4,1976.4,0,1100,RESOURCE CONSERVATION AND RECOVERY ACT (RCRA)
2020,B,EPM,06,REGION 6,000DA2,A2,RCRA:  WASTE MINIMIZATION & RECYCLING,41,GRANTS,30000,0,30000,30000,0,30000,RESOURCE CONSERVATION AND RECOVERY ACT (RCRA)
2020,B,EPM,06,REGION 6,000C95,95,POLLUTION PREVENTION PROGRAM,38,WCF,12000,0,12000,12000,0,2542.45,TOXICS RISK REVIEW AND PREVENTION
2020,B,EPM,06,REGION 6,000C95,95,POLLUTION PREVENTION PROGRAM,41,GRANTS,59000,0,59000,59000,0,59000,TOXICS RISK REVIEW AND PREVENTION
2020,B,EPM,06,REGION 6,000CD7,D7,TOXIC SUBSTANCES:  LEAD RISK REDUCTION PROGRAM,21,TRAVEL,507.44,0,507.44,507.44,0,0,TOXICS RISK REVIEW AND PREVENTION
2020,B,EPM,06,REGION 6,000B89,89,NATIONAL ESTUARY PROGRAM / COASTAL WATERWAYS,21,TRAVEL,8981.44,0,8981.44,8981.44,0,8600,WATER:  ECOSYSTEMS
2020,B,EPM,06,REGION 6,000B89,89,NATIONAL ESTUARY PROGRAM / COASTAL WATERWAYS,41,GRANTS,1987500,0,1987500,1987500,0,1987500,WATER:  ECOSYSTEMS
2020,B,EPM,06,REGION 6,000F89,89,NATIONAL ESTUARY PROGRAM / COASTAL WATERWAYS,38,WCF,5000,0,5000,5000,0,0.01,WATER:  ECOSYSTEMS
2020,B,EPM,06,REGION 6,000BE2,E2,WETLANDS,21,TRAVEL,5054.18,0,5054.18,5054.18,0,0,WATER:  ECOSYSTEMS
2020,B,EPM,06,REGION 6,000B53,53,DRINKING WATER PROGRAMS,21,TRAVEL,42990.94,0,42990.94,42990.94,0,0,WATER: HUMAN HEALTH PROTECTION
2020,B,EPM,06,REGION 6,000B53,53,DRINKING WATER PROGRAMS,41,GRANTS,95000,0,95000,95000,0,95000,WATER: HUMAN HEALTH PROTECTION
2020,B,EPM,06,REGION 6,000F53,53,DRINKING WATER PROGRAMS,37,CONTRACTS,13900,0,13900,13900,0,13900,WATER: HUMAN HEALTH PROTECTION
2020,B,EPM,06,REGION 6,000F53,53,DRINKING WATER PROGRAMS,38,WCF,10000,0,10000,10000,0,0,WATER: HUMAN HEALTH PROTECTION
2020,B,EPM,06,REGION 6,000B88,88,MARINE POLLUTION,21,TRAVEL,5807,0,5807,5807,0,5200,WATER QUALITY PROTECTION
2020,B,EPM,06,REGION 6,000B88,88,MARINE POLLUTION,37,CONTRACTS,40000,0,40000,40000,0,40000,WATER QUALITY PROTECTION
2020,B,EPM,06,REGION 6,000B88,88,MARINE POLLUTION,38,WCF,12000,0,12000,12000,0,2542.45,WATER QUALITY PROTECTION
2020,B,EPM,06,REGION 6,000B88,88,MARINE POLLUTION,41,GRANTS,30000,0,30000,30000,0,28753.94,WATER QUALITY PROTECTION
2020,B,EPM,06,REGION 6,000BD4,D4,SURFACE WATER PROTECTION,21,TRAVEL,67710.43,0,67710.43,67710.43,0,1433.89,WATER QUALITY PROTECTION
2020,B,EPM,06,REGION 6,000BD4,D4,SURFACE WATER PROTECTION,41,GRANTS,455800,0,455800,455800,0,389001.74,WATER QUALITY PROTECTION
2020,B,EPM,06,REGION 6,000FD4,D4,SURFACE WATER PROTECTION,37,CONTRACTS,36000,0,36000,36000,0,36000,WATER QUALITY PROTECTION
2020,B,EPM,06,REGION 6,000FD4,D4,SURFACE WATER PROTECTION,38,WCF,15000,0,15000,15000,0,0,WATER QUALITY PROTECTION
2020,E1,CATEGORICAL GRANTS,06,REGION 6,000B01,01,CATEGORICAL GRANT:  NONPOINT SOURCE (SEC. 319),41,GRANTS,20262355,0,20232355,20232355,30000,17383824.42,CATEGORICAL GRANTS
2020,E1,CATEGORICAL GRANTS,06,REGION 6,000A04,04,CATEGORICAL GRANT:  STATE AND LOCAL AIR QUALITY MANAGEMENT,41,GRANTS,16586396,0,15818146.75,15818146.75,768249.25,10489756.01,CATEGORICAL GRANTS
2020,E1,CATEGORICAL GRANTS,06,REGION 6,000B06,06,CATEGORICAL GRANT:  POLLUTION CONTROL (SEC. 106),41,GRANTS,23683000,0,23682569,23682569,431,5986223.75,CATEGORICAL GRANTS
2020,E1,CATEGORICAL GRANTS,06,REGION 6,000B08,08,CATEGORICAL GRANT:  UNDERGROUND INJECTION CONTROL  (UIC),41,GRANTS,2204000,0,2196228.56,2196228.56,7771.44,726575.81,CATEGORICAL GRANTS
2020,E1,CATEGORICAL GRANTS,06,REGION 6,000D11,11,CATEGORICAL GRANT:  HAZARDOUS WASTE FINANCIAL ASSISTANCE,41,GRANTS,11853000,0,11852901.94,11852901.94,98.06,6639820.34,CATEGORICAL GRANTS
2020,F,LUST,06,REGION 6,000E44,44,CIVIL ENFORCEMENT,38,WCF,8214.81,0,1000,1000,7214.81,521.99,ENFORCEMENT
2020,H,OIL SPILL,06,REGION 6,000E44,44,CIVIL ENFORCEMENT,38,WCF,6000,0,5000,5000,1000,651.3,ENFORCEMENT
2020,T,SUPERFUND,06,REGION 6,000JC7,C7,SUPERFUND:  ENFORCEMENT,38,WCF,22388.27,0,15000,15000,7388.27,174.87,ENFORCEMENT
2020,T,SUPERFUND,06,REGION 6,000D72,72,"HOMELAND SECURITY:  PREPAREDNESS, RESPONSE, AND RECOVERY",38,WCF,49851.17,0,2000,2000,47851.17,211,HOMELAND SECURITY
2020,T,SUPERFUND,06,REGION 6,000YF8,F8,IT / DATA MANAGEMENT,41,GRANTS,196000,0,40875,40875,155125,37369.39,IT / DATA MANAGEMENT / SECURITY
2020,F,LUST,06,REGION 6,000D86,86,LUST / UST,38,WCF,7191.78,0,7000,7000,191.78,2894.94,UNDERGROUND STORAGE TANKS (LUST / UST)
2020,T,SUPERFUND,06,REGION 6,000JE5,E5,"CENTRAL PLANNING, BUDGETING, AND FINANCE",38,WCF,38000,0,29000,29000,9000,2824.86,OPERATIONS AND ADMINISTRATION
2020,T,SUPERFUND,06,REGION 6,000YF2,F2,FACILITIES INFRASTRUCTURE AND OPERATIONS,38,WCF,186976.35,0,182392.38,182392.38,4583.97,2326.98,OPERATIONS AND ADMINISTRATION
2020,H,OIL SPILL,06,REGION 6,000D91,91,"OIL SPILL: PREVENTION, PREPAREDNESS AND RESPONSE",37,CONTRACTS,196526.65,0,54000,54000,142526.65,54000,OIL
2020,H,OIL SPILL,06,REGION 6,000D91,91,"OIL SPILL: PREVENTION, PREPAREDNESS AND RESPONSE",38,WCF,36925.18,0,36235,36235,690.18,3739.97,OIL
2020,T,SUPERFUND,06,REGION 6,000DC6,C6,SUPERFUND:  EMERGENCY RESPONSE AND REMOVAL,38,WCF,121854.46,0,63000,63000,58854.46,2865.8,SUPERFUND CLEANUP
2020,T,SUPERFUND,06,REGION 6,000FC6,C6,SUPERFUND:  EMERGENCY RESPONSE AND REMOVAL,37,CONTRACTS,2800,0,2730.12,2730.12,69.88,2730.12,SUPERFUND CLEANUP
2020,T,SUPERFUND,06,REGION 6,000FC6,C6,SUPERFUND:  EMERGENCY RESPONSE AND REMOVAL,38,WCF,28000,0,21000,21000,7000,0.01,SUPERFUND CLEANUP
2020,T,SUPERFUND,06,REGION 6,000DC8,C8,SUPERFUND:  EPA EMERGENCY PREPAREDNESS,37,CONTRACTS,109952.06,0,109952,109952,0.06,109952,SUPERFUND CLEANUP
2020,T,SUPERFUND,06,REGION 6,000FD2,D2,SUPERFUND:  REMEDIAL,38,WCF,30763,0,24000,24000,6763,1849.51,SUPERFUND CLEANUP
2020,E3,DRINKING WATER (SRF),06,REGION 6,000B81,81,INFRASTRUCTURE ASSISTANCE:  DRINKING WATER SRF,37,CONTRACTS,2194000,0,2193100,2193100,900,2193100,STATE AND TRIBAL ASSISTANCE GRANTS (STAG)
2020,E4,SPECIAL PROJECTS,06,REGION 6,000BM1,M1,LEAD TESTING IN SCHOOLS,41,GRANTS,3312000,0,244000,244000,3068000,244000,STATE AND TRIBAL ASSISTANCE GRANTS (STAG)
2020,T,SUPERFUND,06,REGION 6,000D72,72,"HOMELAND SECURITY:  PREPAREDNESS, RESPONSE, AND RECOVERY",36,EXPENSES,43439,0,25117.84,25117.84,18321.16,11424,HOMELAND SECURITY
2020,T,SUPERFUND,06,REGION 6,000D72,72,"HOMELAND SECURITY:  PREPAREDNESS, RESPONSE, AND RECOVERY",37,CONTRACTS,434561,0,434560.37,434560.37,0.63,432084.19,HOMELAND SECURITY
2020,T,SUPERFUND,06,REGION 6,000DC6,C6,SUPERFUND:  EMERGENCY RESPONSE AND REMOVAL,36,EXPENSES,45000,0,35259.78,35259.78,9740.22,28441,SUPERFUND CLEANUP
2020,B,EPM,06,REGION 6,000A45,45,CLEAN AIR ALLOWANCE TRADING PROGRAMS,21,TRAVEL,42286.91,0,42388,42388,-101.09,26000,CLEAN AIR AND CLIMATE
2020,B,EPM,06,REGION 6,000A45,45,CLEAN AIR ALLOWANCE TRADING PROGRAMS,38,WCF,24713.09,0,9000,9000,15713.09,1622.84,CLEAN AIR AND CLIMATE
2020,B,EPM,06,REGION 6,000A46,46,CLIMATE PROTECTION PROGRAM,37,CONTRACTS,40635.79,0,12000,12000,28635.79,12000,CLEAN AIR AND CLIMATE
2020,B,EPM,06,REGION 6,000A46,46,CLIMATE PROTECTION PROGRAM,38,WCF,390568.42,0,248000,248000,142568.42,0.01,CLEAN AIR AND CLIMATE
2020,B,EPM,06,REGION 6,000E50,50,COMPLIANCE MONITORING,38,WCF,318010.86,0,317999.9,317999.9,10.96,0.01,COMPLIANCE
2020,B,EPM,06,REGION 6,000F52,52,CRIMINAL ENFORCEMENT,37,CONTRACTS,3900,0,4000,4000,-100,1238.88,ENFORCEMENT
2020,B,EPM,06,REGION 6,000AH5,H5,REDUCE RISKS FROM INDOOR AIR,37,CONTRACTS,4000,0,600,600,3400,600,INDOOR AIR AND RADIATION
2020,B,EPM,06,REGION 6,000CD8,D8,TRI / RIGHT TO KNOW,38,WCF,49475,0,6000,6000,43475,961,INFORMATION EXCHANGE / OUTREACH
2020,B,EPM,06,REGION 6,000D86,86,LUST / UST,36,EXPENSES,2000,0,1900,1900,100,843,UNDERGROUND STORAGE TANKS (LUST / UST)
2020,B,EPM,06,REGION 6,000YF2 03,F2,FACILITIES INFRASTRUCTURE AND OPERATIONS,37,CONTRACTS,57000,0,4115.58,4115.58,52884.42,4061.58,OPERATIONS AND ADMINISTRATION
2020,B,EPM,06,REGION 6,000CJ1,J1,PESTICIDES: PROTECT HUMAN HEALTH FROM PESTICIDE RISK,38,WCF,12500.77,0,11000,11000,1500.77,216.38,PESTICIDES LICENSING
2020,B,EPM,06,REGION 6,000CJ2,J2,PESTICIDES: PROTECT THE ENVIRONMENT FROM PESTICIDE RISK,38,WCF,12500,0,11000,11000,1500,585.02,PESTICIDES LICENSING
2020,B,EPM,06,REGION 6,000D99,99,RCRA:  CORRECTIVE ACTION,38,WCF,133941.65,0,122000,122000,11941.65,32.18,RESOURCE CONSERVATION AND RECOVERY ACT (RCRA)
2020,B,EPM,06,REGION 6,000DA1,A1,RCRA:  WASTE MANAGEMENT,10,PAYROLL,3160000,0,3211667.48,3211667.48,-51667.48,152.9,RESOURCE CONSERVATION AND RECOVERY ACT (RCRA)
2020,B,EPM,06,REGION 6,000DA2,A2,RCRA:  WASTE MINIMIZATION & RECYCLING,36,EXPENSES,1648,0,1647.17,1647.17,0.83,850,RESOURCE CONSERVATION AND RECOVERY ACT (RCRA)
2020,B,EPM,06,REGION 6,000B89,89,NATIONAL ESTUARY PROGRAM / COASTAL WATERWAYS,38,WCF,14018.56,0,14000,14000,18.56,2812.92,WATER:  ECOSYSTEMS
2020,F,LUST,06,REGION 6,000E44,44,CIVIL ENFORCEMENT,10,PAYROLL,48000,0,46761.17,46761.17,1238.83,0,ENFORCEMENT
2020,H,OIL SPILL,06,REGION 6,000E44,44,CIVIL ENFORCEMENT,10,PAYROLL,160000,0,159318.43,159318.43,681.57,0,ENFORCEMENT
2020,T,SUPERFUND,06,REGION 6,000EC7,C7,SUPERFUND:  ENFORCEMENT,10,PAYROLL,6794000,0,6785863.15,6785863.15,8136.85,0,ENFORCEMENT
2020,TR2A,SF FED,06,REGION 6,000EC7,C7,SUPERFUND:  ENFORCEMENT,10,PAYROLL,82189.96,0,82412.92,82412.92,-222.96,0,ENFORCEMENT
2020,TR2B,SF PAST COST,06,REGION 6,000EC7,C7,SUPERFUND:  ENFORCEMENT,10,PAYROLL,207110.94,0,212841.85,212841.85,-5730.91,0,ENFORCEMENT
2020,T,SUPERFUND,06,REGION 6,000EC7,C7,SUPERFUND:  ENFORCEMENT,28,SITE TRAVEL,5898.5,0,0,0,5898.5,0,ENFORCEMENT
2020,T,SUPERFUND,06,REGION 6,000EC7,C7,SUPERFUND:  ENFORCEMENT,38,WCF,220603.42,0,211000,211000,9603.42,0,ENFORCEMENT
2020,T,SUPERFUND,06,REGION 6,000JC7,C7,SUPERFUND:  ENFORCEMENT,10,PAYROLL,690000,0,680900.99,680900.99,9099.01,0,ENFORCEMENT
2020,TR2B,SF PAST COST,06,REGION 6,000JC7,C7,SUPERFUND:  ENFORCEMENT,10,PAYROLL,17954.64,0,18179.57,18179.57,-224.93,0,ENFORCEMENT
2020,T,SUPERFUND,06,REGION 6,000JC7,C7,SUPERFUND:  ENFORCEMENT,41,GRANTS,600,0,0,0,600,0,ENFORCEMENT
2020,T,SUPERFUND,06,REGION 6,000EH2,H2,SUPERFUND: FEDERAL FACILITIES ENFORCEMENT,10,PAYROLL,117000,0,113855.06,113855.06,3144.94,0,ENFORCEMENT
2020,T,SUPERFUND,06,REGION 6,000EH2,H2,SUPERFUND: FEDERAL FACILITIES ENFORCEMENT,36,EXPENSES,1000,0,0,0,1000,0,ENFORCEMENT
2020,T,SUPERFUND,06,REGION 6,000EH2,H2,SUPERFUND: FEDERAL FACILITIES ENFORCEMENT,38,WCF,8418.4,0,5000,5000,3418.4,0,ENFORCEMENT
2020,T,SUPERFUND,06,REGION 6,000D72,72,"HOMELAND SECURITY:  PREPAREDNESS, RESPONSE, AND RECOVERY",10,PAYROLL,558000,0,533050.47,533050.47,24949.53,0,HOMELAND SECURITY
2020,T,SUPERFUND,06,REGION 6,000D72,72,"HOMELAND SECURITY:  PREPAREDNESS, RESPONSE, AND RECOVERY",37,CONTRACTS,1000,0,0,0,1000,0,HOMELAND SECURITY
2020,T,SUPERFUND,06,REGION 6,000F72,72,"HOMELAND SECURITY:  PREPAREDNESS, RESPONSE, AND RECOVERY",38,WCF,1000,0,0,0,1000,0,HOMELAND SECURITY
2020,T,SUPERFUND,06,REGION 6,000YF8,F8,IT / DATA MANAGEMENT,10,PAYROLL,209000,0,210529.02,210529.02,-1529.02,0,IT / DATA MANAGEMENT / SECURITY
2020,F,LUST,06,REGION 6,000D86,86,LUST / UST,10,PAYROLL,306000,0,305410.25,305410.25,589.75,0,UNDERGROUND STORAGE TANKS (LUST / UST)
2020,F,LUST,06,REGION 6,000F86,86,LUST / UST,10,PAYROLL,39000,0,425.27,425.27,38574.73,0,UNDERGROUND STORAGE TANKS (LUST / UST)
2020,F,LUST,06,REGION 6,000JE5,E5,"CENTRAL PLANNING, BUDGETING, AND FINANCE",10,PAYROLL,28000,0,27682.4,27682.4,317.6,0,OPERATIONS AND ADMINISTRATION
2020,T,SUPERFUND,06,REGION 6,000JE5,E5,"CENTRAL PLANNING, BUDGETING, AND FINANCE",10,PAYROLL,827000,0,825544.98,825544.98,1455.02,0,OPERATIONS AND ADMINISTRATION
2020,T,SUPERFUND,06,REGION 6,000JE5,E5,"CENTRAL PLANNING, BUDGETING, AND FINANCE",36,EXPENSES,15000,0,0,0,15000,0,OPERATIONS AND ADMINISTRATION
2020,T,SUPERFUND,06,REGION 6,000JE5,E5,"CENTRAL PLANNING, BUDGETING, AND FINANCE",41,GRANTS,3100,0,0,0,3100,0,OPERATIONS AND ADMINISTRATION
2020,F,LUST,06,REGION 6,000YF2,F2,FACILITIES INFRASTRUCTURE AND OPERATIONS,10,PAYROLL,5000,0,0,0,5000,0,OPERATIONS AND ADMINISTRATION
2020,F,LUST,06,REGION 6,000YF2,F2,FACILITIES INFRASTRUCTURE AND OPERATIONS,37,CONTRACTS,250,0,0,0,250,0,OPERATIONS AND ADMINISTRATION
2020,T,SUPERFUND,06,REGION 6,000YF3,F3,ACQUISITION MANAGEMENT,10,PAYROLL,623000,0,621292.3,621292.3,1707.7,0,OPERATIONS AND ADMINISTRATION
2020,T,SUPERFUND,06,REGION 6,000YG7,G7,FINANCIAL ASSISTANCE GRANTS / IAG MANAGEMENT,10,PAYROLL,71000,0,70693.98,70693.98,306.02,0,OPERATIONS AND ADMINISTRATION
2020,H,OIL SPILL,06,REGION 6,000D91,91,"OIL SPILL: PREVENTION, PREPAREDNESS AND RESPONSE",10,PAYROLL,1080000,0,915576.24,915576.24,164423.76,0,OIL
2020,T,SUPERFUND,06,REGION 6,000DC6,C6,SUPERFUND:  EMERGENCY RESPONSE AND REMOVAL,10,PAYROLL,2576100,0,2581028.54,2581028.54,-4928.54,0,SUPERFUND CLEANUP
2020,TR2,SF NON-FED,06,REGION 6,000DC6,C6,SUPERFUND:  EMERGENCY RESPONSE AND REMOVAL,10,PAYROLL,179307.06,0,182352.45,182352.45,-3045.39,0,SUPERFUND CLEANUP
2020,TR2B,SF PAST COST,06,REGION 6,000DC6,C6,SUPERFUND:  EMERGENCY RESPONSE AND REMOVAL,10,PAYROLL,36794.77,0,37477.52,37477.52,-682.75,0,SUPERFUND CLEANUP
2020,T,SUPERFUND,06,REGION 6,000DC6,C6,SUPERFUND:  EMERGENCY RESPONSE AND REMOVAL,28,SITE TRAVEL,110000,0,33326.31,33326.31,76673.69,0,SUPERFUND CLEANUP
2020,T,SUPERFUND,06,REGION 6,000FC6,C6,SUPERFUND:  EMERGENCY RESPONSE AND REMOVAL,10,PAYROLL,691900,0,695065.52,695065.52,-3165.52,0,SUPERFUND CLEANUP
2020,T,SUPERFUND,06,REGION 6,000FC6,C6,SUPERFUND:  EMERGENCY RESPONSE AND REMOVAL,36,EXPENSES,1200,0,1100,1100,100,0,SUPERFUND CLEANUP
2020,T,SUPERFUND,06,REGION 6,000DC8,C8,SUPERFUND:  EPA EMERGENCY PREPAREDNESS,10,PAYROLL,521000,0,524099.19,524099.19,-3099.19,0,SUPERFUND CLEANUP
2020,T,SUPERFUND,06,REGION 6,000DC8,C8,SUPERFUND:  EPA EMERGENCY PREPAREDNESS,38,WCF,14093,0,9000,9000,5093,0,SUPERFUND CLEANUP
2020,T,SUPERFUND,06,REGION 6,000DC9,C9,SUPERFUND:  FEDERAL FACILITIES,10,PAYROLL,419000,0,396245.28,396245.28,22754.72,0,SUPERFUND CLEANUP
2020,T,SUPERFUND,06,REGION 6,000DC9,C9,SUPERFUND:  FEDERAL FACILITIES,38,WCF,2852.35,0,0,0,2852.35,0,SUPERFUND CLEANUP
2020,T,SUPERFUND,06,REGION 6,000DD2,D2,SUPERFUND:  REMEDIAL,10,PAYROLL,7861000,0,7868103.71,7868103.71,-7103.71,0,SUPERFUND CLEANUP
2020,TR2,SF NON-FED,06,REGION 6,000DD2,D2,SUPERFUND:  REMEDIAL,10,PAYROLL,475478.37,0,481362.35,481362.35,-5883.98,0,SUPERFUND CLEANUP
2020,TR2A,SF FED,06,REGION 6,000DD2,D2,SUPERFUND:  REMEDIAL,10,PAYROLL,230602.02,0,232967.08,232967.08,-2365.06,0,SUPERFUND CLEANUP
2020,TR2B,SF PAST COST,06,REGION 6,000DD2,D2,SUPERFUND:  REMEDIAL,10,PAYROLL,511111.81,0,522882.12,522882.12,-11770.31,0,SUPERFUND CLEANUP
2020,T,SUPERFUND,06,REGION 6,000DD2,D2,SUPERFUND:  REMEDIAL,28,SITE TRAVEL,195000,0,65295.08,65295.08,129704.92,0,SUPERFUND CLEANUP
2020,T,SUPERFUND,06,REGION 6,000FD2,D2,SUPERFUND:  REMEDIAL,10,PAYROLL,882000,0,710933.79,710933.79,171066.21,0,SUPERFUND CLEANUP
2020,E4,SPECIAL PROJECTS,06,REGION 6,000BL7,L7,GOLD KING MINE MONITORING,10,PAYROLL,30000,0,25211.33,25211.33,4788.67,0,STATE AND TRIBAL ASSISTANCE GRANTS (STAG)
2020,E4,SPECIAL PROJECTS,06,REGION 6,000BL7,L7,GOLD KING MINE MONITORING,21,TRAVEL,10000,0,1397.89,1397.89,8602.11,0,STATE AND TRIBAL ASSISTANCE GRANTS (STAG)
2020,ZL,DWH,06,REGION 6,000BD4,D4,SURFACE WATER PROTECTION,10,PAYROLL,95967.61,0,98267.96,98267.96,-2300.35,0,WATER QUALITY PROTECTION
2020,E5C,EARMARKS CARRYOVER,06,REGION 6,000B51,51,CONGRESSIONALLY MANDATED PROJECTS,41,GRANTS,0.67,0,0,0,0.67,0,CONGRESSIONAL PRIORITIES
2020,T,SUPERFUND,06,REGION 6,000D72,72,"HOMELAND SECURITY:  PREPAREDNESS, RESPONSE, AND RECOVERY",21,TRAVEL,15700,0,3775.74,3775.74,11924.26,0,HOMELAND SECURITY
2020,T,SUPERFUND,06,REGION 6,000DC9,C9,SUPERFUND:  FEDERAL FACILITIES,28,SITE TRAVEL,5000,0,3943.5,3943.5,1056.5,0,SUPERFUND CLEANUP
2020,T,SUPERFUND,06,REGION 6,000FC9,C9,SUPERFUND:  FEDERAL FACILITIES,37,CONTRACTS,1000,0,0,0,1000,0,SUPERFUND CLEANUP
2020,B,EPM,06,REGION 6,000D43,43,BROWNFIELDS,10,PAYROLL,1080000,0,1074441.48,1074441.48,5558.52,0,BROWNFIELDS
2020,B,EPM,06,REGION 6,000D43,43,BROWNFIELDS,36,EXPENSES,12000,0,222,222,11778,0,BROWNFIELDS
2020,B,EPM,06,REGION 6,000D43,43,BROWNFIELDS,38,WCF,63931.74,0,35000,35000,28931.74,0,BROWNFIELDS
2020,B,EPM,06,REGION 6,000E43,43,BROWNFIELDS,10,PAYROLL,19000,0,17763.34,17763.34,1236.66,0,BROWNFIELDS
2020,B,EPM,06,REGION 6,000F43,43,BROWNFIELDS,36,EXPENSES,1000,0,0,0,1000,0,BROWNFIELDS
2020,B,EPM,06,REGION 6,000A45,45,CLEAN AIR ALLOWANCE TRADING PROGRAMS,10,PAYROLL,370000,0,366423.25,366423.25,3576.75,0,CLEAN AIR AND CLIMATE
2020,B,EPM,06,REGION 6,000F45,45,CLEAN AIR ALLOWANCE TRADING PROGRAMS,38,WCF,3461.13,0,0,0,3461.13,0,CLEAN AIR AND CLIMATE
2020,B,EPM,06,REGION 6,000A46 P3,46,CLIMATE PROTECTION PROGRAM,10,PAYROLL,91000,0,91668.2,91668.2,-668.2,0,CLEAN AIR AND CLIMATE
2020,B,EPM,06,REGION 6,000A46 P3,46,CLIMATE PROTECTION PROGRAM,38,WCF,9000,0,4000,4000,5000,0,CLEAN AIR AND CLIMATE
2020,B,EPM,06,REGION 6,000A46 Q3,46,CLIMATE PROTECTION PROGRAM,10,PAYROLL,89000,0,81550.11,81550.11,7449.89,0,CLEAN AIR AND CLIMATE
2020,B,EPM,06,REGION 6,000A59,59,FEDERAL SUPPORT FOR AIR QUALITY MANAGEMENT,10,PAYROLL,9457000,0,9441610.92,9441610.92,15389.08,0,CLEAN AIR AND CLIMATE
2020,B,EPM,06,REGION 6,000A59,59,FEDERAL SUPPORT FOR AIR QUALITY MANAGEMENT,37,CONTRACTS,11750,0,11309.99,11309.99,440.01,0,CLEAN AIR AND CLIMATE
2020,B,EPM,06,REGION 6,000A59,59,FEDERAL SUPPORT FOR AIR QUALITY MANAGEMENT,38,WCF,14573.99,0,9560,9560,5013.99,0,CLEAN AIR AND CLIMATE
2020,B,EPM,06,REGION 6,000F59,59,FEDERAL SUPPORT FOR AIR QUALITY MANAGEMENT,10,PAYROLL,271000,0,209519.29,209519.29,61480.71,0,CLEAN AIR AND CLIMATE
2020,B,EPM,06,REGION 6,000F59,59,FEDERAL SUPPORT FOR AIR QUALITY MANAGEMENT,38,WCF,8074.44,0,7000,7000,1074.44,0,CLEAN AIR AND CLIMATE
2020,B,EPM,06,REGION 6,000E50,50,COMPLIANCE MONITORING,10,PAYROLL,6135025,0,6194509.61,6194509.61,-59484.61,0,COMPLIANCE
2020,B,EPM,06,REGION 6,000F50,50,COMPLIANCE MONITORING,10,PAYROLL,705900,0,720826.63,720826.63,-14926.63,0,COMPLIANCE
2020,B,EPM,06,REGION 6,000E44,44,CIVIL ENFORCEMENT,10,PAYROLL,15338000,0,15330755.74,15330755.74,7244.26,0,ENFORCEMENT
2020,B,EPM,06,REGION 6,000E44,44,CIVIL ENFORCEMENT,38,WCF,453207.16,0,453074.01,453074.01,133.15,0,ENFORCEMENT
2020,B,EPM,06,REGION 6,000F44,44,CIVIL ENFORCEMENT,10,PAYROLL,258000,0,239644.62,239644.62,18355.38,0,ENFORCEMENT
2020,B,EPM,06,REGION 6,000E52,52,CRIMINAL ENFORCEMENT,10,PAYROLL,532000,0,531602.98,531602.98,397.02,0,ENFORCEMENT
2020,B,EPM,06,REGION 6,000F52,52,CRIMINAL ENFORCEMENT,36,EXPENSES,2100,0,100,100,2000,0,ENFORCEMENT
2020,B,EPM,06,REGION 6,000M57,57,ENVIRONMENTAL JUSTICE,10,PAYROLL,178000,0,177995.34,177995.34,4.66,0,ENFORCEMENT
2020,B,EPM,06,REGION 6,000M90,90,NEPA IMPLEMENTATION,10,PAYROLL,1059000,0,1048293.52,1048293.52,10706.48,0,ENFORCEMENT
2020,B,EPM,06,REGION 6,000M90,90,NEPA IMPLEMENTATION,36,EXPENSES,9000,0,206.95,206.95,8793.05,0,ENFORCEMENT
2020,B,EPM,06,REGION 6,000M90,90,NEPA IMPLEMENTATION,38,WCF,30486.76,0,16000,16000,14486.76,0,ENFORCEMENT
2020,B,EPM,06,REGION 6,000B68 P8,68,GEOGRAPHIC PROGRAM:  OTHER,41,GRANTS,1441000,0,0,0,1441000,0,GEOGRAPHIC PROGRAMS
2020,B,EPM,06,REGION 6,000A97,97,RADIATION:  PROTECTION,10,PAYROLL,69000,0,65439.07,65439.07,3560.93,0,INDOOR AIR AND RADIATION
2020,B,EPM,06,REGION 6,000A97,97,RADIATION:  PROTECTION,38,WCF,2000,0,0,0,2000,0,INDOOR AIR AND RADIATION
2020,B,EPM,06,REGION 6,000A98,98,RADIATION:  RESPONSE PREPAREDNESS,10,PAYROLL,98000,0,93553.43,93553.43,4446.57,0,INDOOR AIR AND RADIATION
2020,B,EPM,06,REGION 6,000AH5,H5,REDUCE RISKS FROM INDOOR AIR,10,PAYROLL,196000,0,194886.92,194886.92,1113.08,0,INDOOR AIR AND RADIATION
2020,B,EPM,06,REGION 6,000AH5,H5,REDUCE RISKS FROM INDOOR AIR,38,WCF,16000,0,14000,14000,2000,0,INDOOR AIR AND RADIATION
2020,B,EPM,06,REGION 6,000DC3,C3,STATE AND LOCAL PREVENTION AND PREPAREDNESS,10,PAYROLL,839000,0,809759.76,809759.76,29240.24,0,INFORMATION EXCHANGE / OUTREACH
2020,B,EPM,06,REGION 6,000DC3,C3,STATE AND LOCAL PREVENTION AND PREPAREDNESS,36,EXPENSES,3000,0,0,0,3000,0,INFORMATION EXCHANGE / OUTREACH
2020,B,EPM,06,REGION 6,000DC3,C3,STATE AND LOCAL PREVENTION AND PREPAREDNESS,38,WCF,8500,0,7000,7000,1500,0,INFORMATION EXCHANGE / OUTREACH
2020,B,EPM,06,REGION 6,000CD8,D8,TRI / RIGHT TO KNOW,10,PAYROLL,106000,0,106828.41,106828.41,-828.41,0,INFORMATION EXCHANGE / OUTREACH
2020,B,EPM,06,REGION 6,000CD8,D8,TRI / RIGHT TO KNOW,37,CONTRACTS,3629,0,17.5,17.5,3611.5,0,INFORMATION EXCHANGE / OUTREACH
2020,B,EPM,06,REGION 6,000LD9,D9,TRIBAL - CAPACITY BUILDING,10,PAYROLL,1063000,0,1049561.04,1049561.04,13438.96,0,INFORMATION EXCHANGE / OUTREACH
2020,B,EPM,06,REGION 6,000LD9,D9,TRIBAL - CAPACITY BUILDING,38,WCF,47500.74,0,46000,46000,1500.74,0,INFORMATION EXCHANGE / OUTREACH
2020,B,EPM,06,REGION 6,000ME8,E8,"CONGRESSIONAL, INTERGOVERNMENTAL, EXTERNAL RELATIONS",10,PAYROLL,2162000,0,2170833.33,2170833.33,-8833.33,0,INFORMATION EXCHANGE / OUTREACH
2020,B,EPM,06,REGION 6,000ME8,E8,"CONGRESSIONAL, INTERGOVERNMENTAL, EXTERNAL RELATIONS",38,WCF,54500,0,53000,53000,1500,0,INFORMATION EXCHANGE / OUTREACH
2020,B,EPM,06,REGION 6,000ME9,E9,ENVIRONMENTAL EDUCATION,10,PAYROLL,58000,0,54912.31,54912.31,3087.69,0,INFORMATION EXCHANGE / OUTREACH
2020,B,EPM,06,REGION 6,000MH3,H3,CHILDREN & OTHER SENSITIVE POPULATIONS: AGENCY COORDINATION,10,PAYROLL,99000,0,98215.06,98215.06,784.94,0,INFORMATION EXCHANGE / OUTREACH
2020,B,EPM,06,REGION 6,000LE1,E1,US MEXICO BORDER,10,PAYROLL,682000,0,681660.22,681660.22,339.78,0,INTERNATIONAL PROGRAMS
2020,B,EPM,06,REGION 6,000LE1,E1,US MEXICO BORDER,36,EXPENSES,2000,0,0,0,2000,0,INTERNATIONAL PROGRAMS
2020,B,EPM,06,REGION 6,000LE1,E1,US MEXICO BORDER,37,CONTRACTS,1000,0,0,0,1000,0,INTERNATIONAL PROGRAMS
2020,B,EPM,06,REGION 6,000LE1,E1,US MEXICO BORDER,38,WCF,5500.93,0,2000,2000,3500.93,0,INTERNATIONAL PROGRAMS
2020,B,EPM,06,REGION 6,000YF8,F8,IT / DATA MANAGEMENT,10,PAYROLL,2427000,0,2443107.67,2443107.67,-16107.67,0,IT / DATA MANAGEMENT / SECURITY
2020,B,EPM,06,REGION 6,000YF8,F8,IT / DATA MANAGEMENT,38,WCF,138449.4,0,132250,132250,6199.4,0,IT / DATA MANAGEMENT / SECURITY
2020,B,EPM,06,REGION 6,000ME7,E7,CIVIL RIGHTS / TITLE VI COMPLIANCE,10,PAYROLL,497600,0,497944.8,497944.8,-344.8,0,LEGAL / SCIENCE / REGULATORY / ECONOMIC REVIEW
2020,B,EPM,06,REGION 6,000NF9,F9,LEGAL ADVICE: ENVIRONMENTAL PROGRAM,10,PAYROLL,1900300,0,1908590.51,1908590.51,-8290.51,0,LEGAL / SCIENCE / REGULATORY / ECONOMIC REVIEW
2020,B,EPM,06,REGION 6,000NF9,F9,LEGAL ADVICE: ENVIRONMENTAL PROGRAM,38,WCF,8000,0,5000,5000,3000,0,LEGAL / SCIENCE / REGULATORY / ECONOMIC REVIEW
2020,B,EPM,06,REGION 6,000NG1,G1,LEGAL ADVICE: SUPPORT PROGRAM,10,PAYROLL,428200,0,426521.51,426521.51,1678.49,0,LEGAL / SCIENCE / REGULATORY / ECONOMIC REVIEW
2020,B,EPM,06,REGION 6,000NG1,G1,LEGAL ADVICE: SUPPORT PROGRAM,38,WCF,3354.89,0,2000,2000,1354.89,0,LEGAL / SCIENCE / REGULATORY / ECONOMIC REVIEW
2020,B,EPM,06,REGION 6,000D86,86,LUST / UST,10,PAYROLL,629000,0,628562.28,628562.28,437.72,0,UNDERGROUND STORAGE TANKS (LUST / UST)
2020,B,EPM,06,REGION 6,000JE5,E5,"CENTRAL PLANNING, BUDGETING, AND FINANCE",10,PAYROLL,1223000,0,1216041.84,1216041.84,6958.16,0,OPERATIONS AND ADMINISTRATION
2020,B,EPM,06,REGION 6,000JE5,E5,"CENTRAL PLANNING, BUDGETING, AND FINANCE",38,WCF,54000,0,51000,51000,3000,0,OPERATIONS AND ADMINISTRATION
2020,B,EPM,06,REGION 6,000YF2,F2,FACILITIES INFRASTRUCTURE AND OPERATIONS,38,WCF,283983.69,0,228178,228178,55805.69,0,OPERATIONS AND ADMINISTRATION
2020,B,EPM,06,REGION 6,000YF2,F2,FACILITIES INFRASTRUCTURE AND OPERATIONS,41,GRANTS,89420,0,0,0,89420,0,OPERATIONS AND ADMINISTRATION
2020,B,EPM,06,REGION 6,000YF3,F3,ACQUISITION MANAGEMENT,10,PAYROLL,219000,0,217612.78,217612.78,1387.22,0,OPERATIONS AND ADMINISTRATION
2020,B,EPM,06,REGION 6,000YF5,F5,HUMAN RESOURCES MANAGEMENT,10,PAYROLL,572000,0,572917.36,572917.36,-917.36,0,OPERATIONS AND ADMINISTRATION
2020,B,EPM,06,REGION 6,000YG7,G7,FINANCIAL ASSISTANCE GRANTS / IAG MANAGEMENT,10,PAYROLL,674000,0,672627.44,672627.44,1372.56,0,OPERATIONS AND ADMINISTRATION
2020,B,EPM,06,REGION 6,000CJ1,J1,PESTICIDES: PROTECT HUMAN HEALTH FROM PESTICIDE RISK,10,PAYROLL,372000,0,364754.06,364754.06,7245.94,0,PESTICIDES LICENSING
2020,B,EPM,06,REGION 6,000FJ1,J1,PESTICIDES: PROTECT HUMAN HEALTH FROM PESTICIDE RISK,36,EXPENSES,1032,0,1031.3,1031.3,0.7,0,PESTICIDES LICENSING
2020,B,EPM,06,REGION 6,000CJ2,J2,PESTICIDES: PROTECT THE ENVIRONMENT FROM PESTICIDE RISK,10,PAYROLL,433000,0,413204.02,413204.02,19795.98,0,PESTICIDES LICENSING
2020,B,EPM,06,REGION 6,000CJ3,J3,PESTICIDES: REALIZE THE VALUE OF PESTICIDE AVAILABILITY,10,PAYROLL,247000,0,243544.11,243544.11,3455.89,0,PESTICIDES LICENSING
2020,B,EPM,06,REGION 6,000CJ3,J3,PESTICIDES: REALIZE THE VALUE OF PESTICIDE AVAILABILITY,38,WCF,14833.23,0,9000,9000,5833.23,0,PESTICIDES LICENSING
2020,B,EPM,06,REGION 6,000D99,99,RCRA:  CORRECTIVE ACTION,10,PAYROLL,3654000,0,3625536.1,3625536.1,28463.9,0,RESOURCE CONSERVATION AND RECOVERY ACT (RCRA)
2020,B,EPM,06,REGION 6,000F99,99,RCRA:  CORRECTIVE ACTION,10,PAYROLL,98600,0,101504.06,101504.06,-2904.06,0,RESOURCE CONSERVATION AND RECOVERY ACT (RCRA)
2020,B,EPM,06,REGION 6,000F99,99,RCRA:  CORRECTIVE ACTION,38,WCF,3062.75,0,1000,1000,2062.75,0,RESOURCE CONSERVATION AND RECOVERY ACT (RCRA)
2020,B,EPM,06,REGION 6,000DA1,A1,RCRA:  WASTE MANAGEMENT,38,WCF,211983.85,0,194000,194000,17983.85,0,RESOURCE CONSERVATION AND RECOVERY ACT (RCRA)
2020,B,EPM,06,REGION 6,000FA1,A1,RCRA:  WASTE MANAGEMENT,10,PAYROLL,229900,0,244303.81,244303.81,-14403.81,0,RESOURCE CONSERVATION AND RECOVERY ACT (RCRA)
2020,B,EPM,06,REGION 6,000FA1,A1,RCRA:  WASTE MANAGEMENT,36,EXPENSES,939,0,938.56,938.56,0.44,0,RESOURCE CONSERVATION AND RECOVERY ACT (RCRA)
2020,B,EPM,06,REGION 6,000FA1,A1,RCRA:  WASTE MANAGEMENT,38,WCF,9061,0,3000,3000,6061,0,RESOURCE CONSERVATION AND RECOVERY ACT (RCRA)
2020,B,EPM,06,REGION 6,000DA2,A2,RCRA:  WASTE MINIMIZATION & RECYCLING,10,PAYROLL,220000,0,201255.7,201255.7,18744.3,0,RESOURCE CONSERVATION AND RECOVERY ACT (RCRA)
2020,B,EPM,06,REGION 6,000DA2,A2,RCRA:  WASTE MINIMIZATION & RECYCLING,38,WCF,2375.6,0,2334.72,2334.72,40.88,0,RESOURCE CONSERVATION AND RECOVERY ACT (RCRA)
2020,B,EPM,06,REGION 6,000FA2,A2,RCRA:  WASTE MINIMIZATION & RECYCLING,38,WCF,1000,0,0,0,1000,0,RESOURCE CONSERVATION AND RECOVERY ACT (RCRA)
2020,B,EPM,06,REGION 6,000C95,95,POLLUTION PREVENTION PROGRAM,10,PAYROLL,310000,0,314750.76,314750.76,-4750.76,0,TOXICS RISK REVIEW AND PREVENTION
2020,B,EPM,06,REGION 6,000CD7,D7,TOXIC SUBSTANCES:  LEAD RISK REDUCTION PROGRAM,10,PAYROLL,414000,0,413250.61,413250.61,749.39,0,TOXICS RISK REVIEW AND PREVENTION
2020,B,EPM,06,REGION 6,000CD7,D7,TOXIC SUBSTANCES:  LEAD RISK REDUCTION PROGRAM,38,WCF,28492.56,0,24000,24000,4492.56,0,TOXICS RISK REVIEW AND PREVENTION
2020,B,EPM,06,REGION 6,000B89,89,NATIONAL ESTUARY PROGRAM / COASTAL WATERWAYS,10,PAYROLL,273000,0,270153.49,270153.49,2846.51,0,WATER:  ECOSYSTEMS
2020,B,EPM,06,REGION 6,000B89,89,NATIONAL ESTUARY PROGRAM / COASTAL WATERWAYS,37,CONTRACTS,54700,0,0,0,54700,0,WATER:  ECOSYSTEMS
2020,B,EPM,06,REGION 6,000F89,89,NATIONAL ESTUARY PROGRAM / COASTAL WATERWAYS,10,PAYROLL,156000,0,153673.37,153673.37,2326.63,0,WATER:  ECOSYSTEMS
2020,B,EPM,06,REGION 6,000BE2,E2,WETLANDS,10,PAYROLL,1281000,0,1280580.99,1280580.99,419.01,0,WATER:  ECOSYSTEMS
2020,B,EPM,06,REGION 6,000BE2,E2,WETLANDS,38,WCF,43045.82,0,43000,43000,45.82,0,WATER:  ECOSYSTEMS
2020,B,EPM,06,REGION 6,000FE2,E2,WETLANDS,38,WCF,1000,0,0,0,1000,0,WATER:  ECOSYSTEMS
2020,B,EPM,06,REGION 6,000B53,53,DRINKING WATER PROGRAMS,10,PAYROLL,5162000,0,5177525.92,5177525.92,-15525.92,0,WATER: HUMAN HEALTH PROTECTION
2020,B,EPM,06,REGION 6,000B53,53,DRINKING WATER PROGRAMS,38,WCF,267486.06,0,248000,248000,19486.06,0,WATER: HUMAN HEALTH PROTECTION
2020,B,EPM,06,REGION 6,000F53,53,DRINKING WATER PROGRAMS,10,PAYROLL,356000,0,380220.27,380220.27,-24220.27,0,WATER: HUMAN HEALTH PROTECTION
2020,B,EPM,06,REGION 6,000B88,88,MARINE POLLUTION,10,PAYROLL,73000,0,71317.72,71317.72,1682.28,0,WATER QUALITY PROTECTION
2020,B,EPM,06,REGION 6,000BD4,D4,SURFACE WATER PROTECTION,10,PAYROLL,11895000,0,11837491.28,11837491.28,57508.72,0,WATER QUALITY PROTECTION
2020,B,EPM,06,REGION 6,000BD4,D4,SURFACE WATER PROTECTION,38,WCF,339000.57,0,339000,339000,0.57,0,WATER QUALITY PROTECTION
2020,B,EPM,06,REGION 6,000FD4,D4,SURFACE WATER PROTECTION,10,PAYROLL,576000,0,557981.98,557981.98,18018.02,0,WATER QUALITY PROTECTION
2020,E1,CATEGORICAL GRANTS,06,REGION 6,000B03,03,CATEGORICAL GRANT:  PUBLIC WATER SYSTEM SUPERVISION (PWSS),37,CONTRACTS,655000,655000,0,655000,0,0,CATEGORICAL GRANTS
2020,E1,CATEGORICAL GRANTS,06,REGION 6,000E14,14,CATEGORICAL GRANT:  TOXICS SUBSTANCES COMPLIANCE,41,GRANTS,380000,90000,195293,285293,94707,195293,CATEGORICAL GRANTS
2020,E1,CATEGORICAL GRANTS,06,REGION 6,000M20,20,CATEGORICAL GRANT:  MULTIPURPOSE GRANTS,41,GRANTS,1621000,116531,972572,1089103,531897,972572,CATEGORICAL GRANTS
2020,T,SUPERFUND,06,REGION 6,000EC7,C7,SUPERFUND:  ENFORCEMENT,37,CONTRACTS,335101.5,129280,205821.5,335101.5,0,96673.34,ENFORCEMENT
2020,T,SUPERFUND,06,REGION 6,000JC7,C7,SUPERFUND:  ENFORCEMENT,36,EXPENSES,9715.26,1893.74,91.4,1985.14,7730.12,0,ENFORCEMENT
2020,T,SUPERFUND,06,REGION 6,000D72,72,"HOMELAND SECURITY:  PREPAREDNESS, RESPONSE, AND RECOVERY",36,EXPENSES,62000,8725.48,50752.99,59478.47,2521.53,46420,HOMELAND SECURITY
2020,T,SUPERFUND,06,REGION 6,000F72,72,"HOMELAND SECURITY:  PREPAREDNESS, RESPONSE, AND RECOVERY",37,CONTRACTS,2000,767,1233,2000,0,0,HOMELAND SECURITY
2020,T,SUPERFUND,06,REGION 6,000YF8,F8,IT / DATA MANAGEMENT,36,EXPENSES,93500,28309.96,32577.86,60887.82,32612.18,15712.52,IT / DATA MANAGEMENT / SECURITY
2020,T,SUPERFUND,06,REGION 6,000YF8,F8,IT / DATA MANAGEMENT,37,CONTRACTS,111000,1760.32,101459.16,103219.48,7780.52,1733.6,IT / DATA MANAGEMENT / SECURITY
2020,T,SUPERFUND,06,REGION 6,000JE5,E5,"CENTRAL PLANNING, BUDGETING, AND FINANCE",37,CONTRACTS,3900,1900,125,2025,1875,0,OPERATIONS AND ADMINISTRATION
2020,H,OIL SPILL,06,REGION 6,000YF2,F2,FACILITIES INFRASTRUCTURE AND OPERATIONS,10,PAYROLL,9000,7454.16,781.1,8235.26,764.74,781.1,OPERATIONS AND ADMINISTRATION
2020,T,SUPERFUND,06,REGION 6,000YF2,F2,FACILITIES INFRASTRUCTURE AND OPERATIONS,10,PAYROLL,251000,68215.11,175349.48,243564.59,7435.41,7148.02,OPERATIONS AND ADMINISTRATION
2020,T,SUPERFUND,06,REGION 6,000YF2,F2,FACILITIES INFRASTRUCTURE AND OPERATIONS,37,CONTRACTS,248271.42,18377.17,186236.79,204613.96,43657.46,128756.73,OPERATIONS AND ADMINISTRATION
2020,T,SUPERFUND,06,REGION 6,000YF2 02,F2,FACILITIES INFRASTRUCTURE AND OPERATIONS,36,EXPENSES,67000,2968.5,51454,54422.5,12577.5,13501.15,OPERATIONS AND ADMINISTRATION
2020,T,SUPERFUND,06,REGION 6,000YF2 03,F2,FACILITIES INFRASTRUCTURE AND OPERATIONS,37,CONTRACTS,14000,327.5,3838.16,4165.66,9834.34,3285.66,OPERATIONS AND ADMINISTRATION
2020,T,SUPERFUND,06,REGION 6,000YF5,F5,HUMAN RESOURCES MANAGEMENT,37,CONTRACTS,17000,1048.88,4063.26,5112.14,11887.86,101.81,OPERATIONS AND ADMINISTRATION
2020,T,SUPERFUND,06,REGION 6,000YF5 52,F5,HUMAN RESOURCES MANAGEMENT,37,CONTRACTS,3247.49,256.05,35.48,291.53,2955.96,0,OPERATIONS AND ADMINISTRATION
2020,T,SUPERFUND,06,REGION 6,000DC6,C6,SUPERFUND:  EMERGENCY RESPONSE AND REMOVAL,36,EXPENSES,800,400.41,300,700.41,99.59,0,SUPERFUND CLEANUP
2020,T,SUPERFUND,06,REGION 6,000DC6,C6,SUPERFUND:  EMERGENCY RESPONSE AND REMOVAL,37,CONTRACTS,5331.58,2131.58,3199.64,5331.22,0.36,1708,SUPERFUND CLEANUP
2020,T,SUPERFUND,06,REGION 6,000DC8,C8,SUPERFUND:  EPA EMERGENCY PREPAREDNESS,36,EXPENSES,3000,2855.1,0,2855.1,144.9,0,SUPERFUND CLEANUP
2020,T,SUPERFUND,06,REGION 6,000DD2,D2,SUPERFUND:  REMEDIAL,36,EXPENSES,83462.34,3721.49,4909.33,8630.82,74831.52,0,SUPERFUND CLEANUP
2020,T,SUPERFUND,06,REGION 6,000DD2,D2,SUPERFUND:  REMEDIAL,37,CONTRACTS,131112.87,13106.85,91174.69,104281.54,26831.33,79550.11,SUPERFUND CLEANUP
2020,T,SUPERFUND,06,REGION 6,000DD2,D2,SUPERFUND:  REMEDIAL,38,WCF,202925.64,2,128100,128102,74823.64,4487.13,SUPERFUND CLEANUP
2020,T,SUPERFUND,06,REGION 6,000FD2,D2,SUPERFUND:  REMEDIAL,36,EXPENSES,224000,56460.7,167539.3,224000,0,131057.33,SUPERFUND CLEANUP
2020,T,SUPERFUND,06,REGION 6,000FD2,D2,SUPERFUND:  REMEDIAL,37,CONTRACTS,119237,2578.71,116657.96,119236.67,0.33,95294.9,SUPERFUND CLEANUP
2020,E4,SPECIAL PROJECTS,06,REGION 6,000AH4,H4,DIESEL EMISSIONS REDUCTION GRANT PROGRAM,41,GRANTS,8453765,5430433,3023310,8453743,22,3023310,STATE AND TRIBAL ASSISTANCE GRANTS (STAG)
2020,E4,SPECIAL PROJECTS,06,REGION 6,000BL7,L7,GOLD KING MINE MONITORING,41,GRANTS,941868,941868,0,941868,0,0,STATE AND TRIBAL ASSISTANCE GRANTS (STAG)
2020,T,SUPERFUND,06,REGION 6,000DC6,C6,SUPERFUND:  EMERGENCY RESPONSE AND REMOVAL,37,CONTRACTS,13087360,245167.98,3119049.39,3364217.37,9723142.63,1882732.8,SUPERFUND CLEANUP
2020,T,SUPERFUND,06,REGION 6,000DD2,D2,SUPERFUND:  REMEDIAL,37,CONTRACTS,13097261.36,177967.46,12919293.9,13097261.36,0,8814475.31,SUPERFUND CLEANUP
2020,B,EPM,06,REGION 6,000F59,59,FEDERAL SUPPORT FOR AIR QUALITY MANAGEMENT,37,CONTRACTS,2000,15.64,1984.36,2000,0,1750,CLEAN AIR AND CLIMATE
2020,B,EPM,06,REGION 6,000E50,50,COMPLIANCE MONITORING,36,EXPENSES,11313,911.86,6710.61,7622.47,3690.53,0,COMPLIANCE
2020,B,EPM,06,REGION 6,000E50,50,COMPLIANCE MONITORING,37,CONTRACTS,273687.1,7021.1,266253.02,273274.12,412.98,244235.77,COMPLIANCE
2020,B,EPM,06,REGION 6,000E44,44,CIVIL ENFORCEMENT,36,EXPENSES,3158,3148,1495,4643,-1485,0,ENFORCEMENT
2020,B,EPM,06,REGION 6,000E44,44,CIVIL ENFORCEMENT,37,CONTRACTS,76767.99,48724.99,26400.97,75125.96,1642.03,21577.74,ENFORCEMENT
2020,B,EPM,06,REGION 6,000F44,44,CIVIL ENFORCEMENT,36,EXPENSES,1000,583,417,1000,0,0,ENFORCEMENT
2020,B,EPM,06,REGION 6,000F44,44,CIVIL ENFORCEMENT,37,CONTRACTS,25000,476.43,24523.57,25000,0,21065,ENFORCEMENT
2020,B,EPM,06,REGION 6,000E52,52,CRIMINAL ENFORCEMENT,37,CONTRACTS,21279,1264.49,13761.91,15026.4,6252.6,10808.8,ENFORCEMENT
2020,B,EPM,06,REGION 6,000AH5,H5,REDUCE RISKS FROM INDOOR AIR,41,GRANTS,20000,20000,0,20000,0,0,INDOOR AIR AND RADIATION
2020,B,EPM,06,REGION 6,000CD8,D8,TRI / RIGHT TO KNOW,36,EXPENSES,4796,1439.12,3356.31,4795.43,0.57,0,INFORMATION EXCHANGE / OUTREACH
2020,B,EPM,06,REGION 6,000LD9,D9,TRIBAL - CAPACITY BUILDING,37,CONTRACTS,2000,1000,0,1000,1000,0,INFORMATION EXCHANGE / OUTREACH
2020,B,EPM,06,REGION 6,000YF8,F8,IT / DATA MANAGEMENT,36,EXPENSES,262953.5,117806.81,141827.18,259633.99,3319.51,60727.48,IT / DATA MANAGEMENT / SECURITY
2020,B,EPM,06,REGION 6,000YF8,F8,IT / DATA MANAGEMENT,37,CONTRACTS,609750,7134.68,440241.46,447376.14,162373.86,256099.28,IT / DATA MANAGEMENT / SECURITY
2020,B,EPM,06,REGION 6,000FG4,G4,REGIONAL SCIENCE AND TECHNOLOGY,36,EXPENSES,99000,5542,93457.52,98999.52,0.48,80479.59,LEGAL / SCIENCE / REGULATORY / ECONOMIC REVIEW
2020,B,EPM,06,REGION 6,000YF2,F2,FACILITIES INFRASTRUCTURE AND OPERATIONS,10,PAYROLL,1575000,279290.73,1246976.86,1526267.59,48732.41,29250.88,OPERATIONS AND ADMINISTRATION
2020,B,EPM,06,REGION 6,000YF2,F2,FACILITIES INFRASTRUCTURE AND OPERATIONS,37,CONTRACTS,1306447.92,181295.3,924086.69,1105381.99,201065.93,855873.71,OPERATIONS AND ADMINISTRATION
2020,B,EPM,06,REGION 6,000YF2 02,F2,FACILITIES INFRASTRUCTURE AND OPERATIONS,36,EXPENSES,272000,12031.5,208954,220985.5,51014.5,62801.95,OPERATIONS AND ADMINISTRATION
2020,B,EPM,06,REGION 6,000YF5,F5,HUMAN RESOURCES MANAGEMENT,37,CONTRACTS,74000,4251.13,16468.64,20719.77,53280.23,2709.14,OPERATIONS AND ADMINISTRATION
2020,B,EPM,06,REGION 6,000YF5 52,F5,HUMAN RESOURCES MANAGEMENT,37,CONTRACTS,8875.05,1034.36,141.92,1176.28,7698.77,0,OPERATIONS AND ADMINISTRATION
2020,B,EPM,06,REGION 6,000FJ1,J1,PESTICIDES: PROTECT HUMAN HEALTH FROM PESTICIDE RISK,37,CONTRACTS,6968,6968,0,6968,0,0,PESTICIDES LICENSING
2020,B,EPM,06,REGION 6,000CJ2,J2,PESTICIDES: PROTECT THE ENVIRONMENT FROM PESTICIDE RISK,37,CONTRACTS,5300,15.5,5284.5,5300,0,5284.5,PESTICIDES LICENSING
2020,B,EPM,06,REGION 6,000FJ2,J2,PESTICIDES: PROTECT THE ENVIRONMENT FROM PESTICIDE RISK,36,EXPENSES,2000,1272.3,727.7,2000,0,0,PESTICIDES LICENSING
2020,B,EPM,06,REGION 6,000CJ3,J3,PESTICIDES: REALIZE THE VALUE OF PESTICIDE AVAILABILITY,36,EXPENSES,12379,10205.41,869.85,11075.26,1303.74,0,PESTICIDES LICENSING
2020,B,EPM,06,REGION 6,000FJ3,J3,PESTICIDES: REALIZE THE VALUE OF PESTICIDE AVAILABILITY,36,EXPENSES,2000,535.15,1464.85,2000,0,0,PESTICIDES LICENSING
2020,B,EPM,06,REGION 6,000D99,99,RCRA:  CORRECTIVE ACTION,36,EXPENSES,51059.98,75,16396.8,16471.8,34588.18,111,RESOURCE CONSERVATION AND RECOVERY ACT (RCRA)
2020,B,EPM,06,REGION 6,000D99,99,RCRA:  CORRECTIVE ACTION,37,CONTRACTS,601940.02,154786.15,367008.45,521794.6,80145.42,311743.08,RESOURCE CONSERVATION AND RECOVERY ACT (RCRA)
2020,B,EPM,06,REGION 6,000F99,99,RCRA:  CORRECTIVE ACTION,37,CONTRACTS,3937.25,3937.25,0,3937.25,0,0,RESOURCE CONSERVATION AND RECOVERY ACT (RCRA)
2020,B,EPM,06,REGION 6,000FA2,A2,RCRA:  WASTE MINIMIZATION & RECYCLING,36,EXPENSES,1000,1000,0,1000,0,0,RESOURCE CONSERVATION AND RECOVERY ACT (RCRA)
2020,B,EPM,06,REGION 6,000CD7,D7,TOXIC SUBSTANCES:  LEAD RISK REDUCTION PROGRAM,36,EXPENSES,52000,2.1,51997.9,52000,0,49455.7,TOXICS RISK REVIEW AND PREVENTION
2020,B,EPM,06,REGION 6,000B53,53,DRINKING WATER PROGRAMS,36,EXPENSES,14527,849.75,13295.2,14144.95,382.05,0,WATER: HUMAN HEALTH PROTECTION
2020,B,EPM,06,REGION 6,000B53,53,DRINKING WATER PROGRAMS,37,CONTRACTS,38473,16253,22220,38473,0,21763.66,WATER: HUMAN HEALTH PROTECTION
2020,B,EPM,06,REGION 6,000F53,53,DRINKING WATER PROGRAMS,36,EXPENSES,8100,4515.15,3581.57,8096.72,3.28,0,WATER: HUMAN HEALTH PROTECTION
2020,B,EPM,06,REGION 6,000BD4,D4,SURFACE WATER PROTECTION,36,EXPENSES,15068,2263.8,7961.1,10224.9,4843.1,280,WATER QUALITY PROTECTION
2020,B,EPM,06,REGION 6,000BD4,D4,SURFACE WATER PROTECTION,37,CONTRACTS,211826,17558,177009.57,194567.57,17258.43,175829,WATER QUALITY PROTECTION
2020,B,EPM,06,REGION 6,000FD4,D4,SURFACE WATER PROTECTION,36,EXPENSES,22000,216.4,21631.35,21847.75,152.25,0,WATER QUALITY PROTECTION
